frame,class,conf,x1,y1,x2,y2
frame_000001.jpg,crack,0.727,3418.0,993.7,3563.3,2160.0
frame_000001.jpg,crack,0.68,186.8,0.0,402.5,2160.0
frame_000002.jpg,crack,0.735,3411.2,993.9,3559.4,2160.0
frame_000002.jpg,crack,0.656,161.3,7.5,377.4,2160.0
frame_000002.jpg,crack,0.456,1451.2,1835.8,1818.3,2160.0
frame_000002.jpg,crack,0.45,211.2,0.0,398.8,2160.0
frame_000003.jpg,crack,0.721,3405.5,982.8,3550.6,2160.0
frame_000003.jpg,crack,0.601,154.2,1.8,364.5,2160.0
frame_000003.jpg,crack,0.236,211.0,0.0,377.9,2160.0
frame_000003.jpg,crack,0.206,144.1,88.1,313.0,2160.0
frame_000004.jpg,crack,0.728,3402.1,919.9,3546.4,2151.2
frame_000004.jpg,crack,0.626,137.2,93.7,337.5,2160.0
frame_000004.jpg,crack,0.408,1463.9,1758.4,1820.6,2160.0
frame_000004.jpg,crack,0.394,126.9,188.3,291.4,2160.0
frame_000005.jpg,crack,0.739,106.0,8.0,316.8,2160.0
frame_000005.jpg,crack,0.72,3381.5,846.5,3528.3,2159.5
frame_000005.jpg,crack,0.302,3513.5,0.0,3625.6,478.2
frame_000005.jpg,crack,0.233,96.9,116.3,260.9,2160.0
frame_000006.jpg,crack,0.727,79.8,0.0,291.3,2160.0
frame_000006.jpg,crack,0.682,3354.1,780.0,3501.2,2160.0
frame_000006.jpg,crack,0.35,3484.7,0.0,3598.9,419.7
frame_000007.jpg,crack,0.693,3333.7,689.9,3487.5,2005.9
frame_000007.jpg,crack,0.689,31.1,15.1,248.5,2160.0
frame_000007.jpg,crack,0.291,89.3,0.0,275.3,2160.0
frame_000008.jpg,crack,0.73,3295.7,608.4,3451.5,1906.6
frame_000008.jpg,crack,0.7,6.8,10.7,218.1,2160.0
frame_000008.jpg,crack,0.385,0.0,97.8,156.9,2160.0
frame_000009.jpg,crack,0.712,3255.3,557.0,3405.9,1861.2
frame_000009.jpg,crack,0.695,0.0,13.0,167.5,2160.0
frame_000009.jpg,crack,0.286,0.0,143.7,119.5,2160.0
frame_000010.jpg,crack,0.732,3219.3,482.7,3371.2,1784.9
frame_000010.jpg,crack,0.626,0.0,9.0,137.3,2160.0
frame_000011.jpg,crack,0.713,3180.5,427.5,3338.9,1730.8
frame_000011.jpg,crack,0.43,0.0,0.0,90.2,2144.2
frame_000012.jpg,crack,0.689,3148.1,401.6,3307.4,1674.8
frame_000012.jpg,crack,0.399,0.0,0.0,86.6,2141.8
frame_000012.jpg,crack,0.208,0.0,0.0,56.3,1576.9
frame_000013.jpg,crack,0.731,3122.6,421.6,3276.3,1690.9
frame_000014.jpg,crack,0.745,3100.4,469.2,3253.2,1741.1
frame_000015.jpg,crack,0.718,3086.4,558.9,3232.0,1840.2
frame_000015.jpg,crack,0.22,3219.5,0.0,3303.8,190.2
frame_000016.jpg,crack,0.652,3062.1,721.9,3210.8,1970.0
frame_000016.jpg,crack,0.301,3649.3,1219.1,3752.0,1572.2
frame_000016.jpg,crack,0.28,3207.4,0.0,3304.7,327.7
frame_000017.jpg,crack,0.653,3167.0,7.5,3272.9,483.2
frame_000017.jpg,crack,0.635,3024.4,869.0,3178.5,2148.4
frame_000017.jpg,crack,0.224,3606.8,1381.3,3716.3,1751.4
frame_000018.jpg,crack,0.625,2975.1,1050.0,3123.7,2160.0
frame_000018.jpg,crack,0.57,3112.9,201.8,3222.1,694.3
frame_000018.jpg,crack,0.207,3552.0,1582.2,3660.0,1944.2
frame_000019.jpg,crack,0.601,3062.5,405.7,3167.2,896.0
frame_000019.jpg,crack,0.548,3064.2,32.5,3202.2,889.0
frame_000019.jpg,crack,0.468,2938.0,1253.4,3077.1,2160.0
frame_000019.jpg,crack,0.225,3496.8,1791.8,3615.7,2160.0
frame_000020.jpg,crack,0.618,3010.1,654.5,3122.3,1134.2
frame_000020.jpg,crack,0.553,3011.2,270.9,3158.2,1131.1
frame_000020.jpg,crack,0.528,2905.1,1466.0,3041.3,2160.0
frame_000021.jpg,crack,0.657,2971.7,556.6,3118.5,1409.0
frame_000021.jpg,crack,0.483,2901.6,1755.0,3003.9,2160.0
frame_000021.jpg,crack,0.377,2972.9,926.9,3083.0,1417.4
frame_000022.jpg,crack,0.596,2939.2,868.5,3084.1,1729.9
frame_000022.jpg,crack,0.314,2939.2,1243.5,3054.0,1737.1
frame_000023.jpg,crack,0.683,2925.4,1209.7,3073.6,2087.4
frame_000024.jpg,crack,0.647,2914.6,1571.9,3052.7,2160.0
frame_000025.jpg,crack,0.23,2934.8,1937.9,3020.0,2160.0
frame_000026.jpg,crack,0.406,1411.2,0.0,1481.8,244.4
frame_000028.jpg,crack,0.298,1399.6,0.0,1457.9,292.1
frame_000030.jpg,crack,0.241,1332.0,0.0,1429.1,486.4
frame_000032.jpg,crack,0.255,2948.5,0.0,3064.7,620.4
frame_000033.jpg,crack,0.706,2929.3,6.2,3064.2,1000.2
frame_000034.jpg,crack,0.595,2882.1,0.0,3067.3,1369.2
frame_000035.jpg,crack,0.447,2841.5,1.3,3045.8,1724.0
frame_000036.jpg,crack,0.305,2786.1,21.4,3022.1,2139.6
frame_000037.jpg,crack,0.48,2740.2,292.8,2972.7,2157.0
frame_000038.jpg,crack,0.601,2688.8,650.1,2905.8,2160.0
frame_000038.jpg,crack,0.413,2883.4,0.0,2972.5,304.2
frame_000038.jpg,crack,0.356,1238.3,0.0,1334.8,535.8
frame_000039.jpg,crack,0.732,2789.8,0.0,2903.8,672.4
frame_000039.jpg,crack,0.659,2641.2,995.9,2821.4,2160.0
frame_000040.jpg,crack,0.725,2697.4,271.3,2816.0,1020.5
frame_000040.jpg,crack,0.515,2574.4,1354.2,2732.7,2160.0
frame_000041.jpg,crack,0.757,2630.5,675.1,2743.9,1382.2
frame_000041.jpg,crack,0.43,2538.6,1725.8,2665.4,2160.0
frame_000042.jpg,crack,0.752,2590.8,1017.8,2715.7,1751.4
frame_000043.jpg,crack,0.751,2569.1,1421.9,2688.2,2103.0
frame_000044.jpg,crack,0.517,1133.2,0.7,1195.0,250.2
frame_000044.jpg,crack,0.357,2573.9,1822.2,2666.0,2160.0
frame_000045.jpg,crack,0.657,1112.6,12.0,1214.9,684.6
frame_000047.jpg,crack,0.224,649.6,0.0,706.4,162.1
frame_000048.jpg,crack,0.4,1146.3,0.0,1203.1,166.8
frame_000048.jpg,crack,0.231,1147.9,0.0,1225.2,167.3
frame_000051.jpg,crack,0.296,1033.5,0.0,1100.4,336.8
frame_000056.jpg,crack,0.424,863.0,0.0,965.4,532.5
frame_000057.jpg,crack,0.488,855.3,0.0,906.9,184.6
frame_000058.jpg,crack,0.541,765.8,0.0,862.6,582.4
frame_000058.jpg,crack,0.505,703.4,682.1,817.2,1322.7
frame_000058.jpg,crack,0.366,615.2,1388.7,749.8,2160.0
frame_000058.jpg,crack,0.238,2360.7,0.0,2431.6,348.5
frame_000059.jpg,crack,0.575,628.8,1065.9,743.7,1706.4
frame_000059.jpg,crack,0.498,694.4,0.0,831.9,969.5
frame_000059.jpg,crack,0.471,577.8,1784.7,668.3,2154.6
frame_000059.jpg,crack,0.223,2285.7,317.0,2361.4,730.4
frame_000060.jpg,crack,0.668,557.6,1455.0,681.4,2116.1
frame_000060.jpg,crack,0.586,2277.2,20.3,2359.7,472.3
frame_000060.jpg,crack,0.258,61.6,203.1,167.8,816.6
frame_000060.jpg,crack,0.228,629.0,309.2,775.5,1365.3
frame_000061.jpg,crack,0.706,535.8,1870.6,616.4,2154.3
frame_000061.jpg,crack,0.471,2287.3,0.0,2341.3,207.6
frame_000061.jpg,crack,0.42,2219.5,453.0,2298.2,879.1
frame_000062.jpg,crack,0.387,2232.7,0.0,2340.7,616.6
frame_000062.jpg,crack,0.213,2169.6,886.5,2258.4,1313.6
frame_000063.jpg,crack,0.472,2150.4,1311.6,2232.2,1750.5
frame_000063.jpg,crack,0.24,696.4,0.0,799.2,595.6
frame_000064.jpg,crack,0.417,2139.4,1745.7,2228.9,2159.2
frame_000065.jpg,crack,0.52,1604.6,2.6,1660.5,285.9
frame_000066.jpg,crack,0.384,1593.0,386.3,1657.6,702.8
frame_000067.jpg,crack,0.531,1579.1,821.2,1647.3,1136.3
frame_000068.jpg,crack,0.59,1546.9,1262.4,1624.1,1586.7
frame_000068.jpg,crack,0.444,832.9,0.0,920.4,456.2
frame_000069.jpg,crack,0.694,1504.9,1685.8,1578.6,2027.1
frame_000069.jpg,crack,0.552,659.8,1257.9,804.9,2155.7
frame_000069.jpg,crack,0.367,836.1,0.0,927.3,374.6
frame_000070.jpg,crack,0.585,652.0,1693.6,754.4,2160.0
frame_000070.jpg,crack,0.407,793.6,0.0,925.3,799.1
frame_000071.jpg,crack,0.483,2308.2,962.5,2387.3,1344.4
frame_000072.jpg,crack,0.383,767.3,0.0,874.2,767.8
frame_000072.jpg,crack,0.262,2168.7,1853.7,2258.8,2157.0
frame_000073.jpg,crack,0.754,2193.4,1783.6,2273.9,2156.4
frame_000073.jpg,crack,0.434,2232.3,1173.3,2319.2,1668.0
frame_000074.jpg,crack,0.265,2173.9,1618.4,2259.7,2086.9
frame_000074.jpg,crack,0.209,573.9,702.1,761.4,2151.4
frame_000075.jpg,crack,0.67,550.3,1100.4,712.7,2160.0
frame_000076.jpg,crack,0.689,533.6,1520.1,658.7,2160.0
frame_000082.jpg,crack,0.576,721.6,36.6,806.3,539.1
frame_000083.jpg,crack,0.469,699.9,522.6,789.7,990.7
frame_000084.jpg,crack,0.486,2167.1,1557.4,2281.4,2160.0
frame_000084.jpg,crack,0.319,671.1,968.8,770.8,1455.7
frame_000085.jpg,crack,0.309,629.4,1449.2,738.6,2160.0
frame_000085.jpg,crack,0.277,2332.5,0.0,2408.5,451.4
frame_000086.jpg,crack,0.597,809.4,9.2,875.7,235.0
frame_000087.jpg,crack,0.284,625.6,1542.0,759.1,2152.2
frame_000088.jpg,crack,0.422,2326.4,279.5,2399.1,627.6
frame_000089.jpg,crack,0.455,2269.3,729.6,2356.4,1138.1
frame_000089.jpg,crack,0.332,2180.6,1585.1,2277.3,2160.0
frame_000090.jpg,crack,0.596,2220.4,1270.3,2298.2,1638.6
frame_000091.jpg,crack,0.616,2177.6,1782.1,2256.1,2145.0
frame_000091.jpg,crack,0.335,2381.5,0.0,2427.4,137.5
frame_000092.jpg,crack,0.715,2327.1,147.6,2415.1,661.2
frame_000093.jpg,crack,0.731,2280.5,658.9,2376.2,1177.5
frame_000094.jpg,crack,0.735,2238.8,1177.2,2332.0,1688.7
frame_000094.jpg,crack,0.251,2181.9,1761.7,2276.2,2160.0
frame_000095.jpg,crack,0.557,2196.5,1697.8,2288.9,2160.0
frame_000095.jpg,crack,0.457,2361.8,69.9,2424.1,349.1
frame_000096.jpg,crack,0.263,2375.9,0.0,2439.8,217.6
frame_000097.jpg,crack,0.461,2325.8,0.0,2432.2,761.0
frame_000098.jpg,crack,0.25,2362.6,53.2,2440.0,391.4
frame_000104.jpg,crack,0.313,814.7,0.0,902.4,301.7
frame_000108.jpg,crack,0.388,2253.2,3.4,2336.4,545.6
frame_000114.jpg,crack,0.509,631.6,18.5,744.3,540.3
frame_000115.jpg,crack,0.737,566.7,430.2,686.8,888.2
frame_000116.jpg,crack,0.709,508.6,771.4,631.4,1223.4
frame_000116.jpg,crack,0.617,2685.1,20.3,2743.1,308.9
frame_000117.jpg,crack,0.626,447.0,1098.5,573.8,1541.9
frame_000117.jpg,crack,0.394,2623.4,357.1,2680.0,624.8
frame_000118.jpg,crack,0.609,386.2,1404.4,514.3,1856.7
frame_000118.jpg,crack,0.43,541.7,0.0,632.4,459.4
frame_000118.jpg,crack,0.201,2561.0,681.6,2621.7,948.0
frame_000119.jpg,crack,0.653,484.6,142.2,588.6,766.6
frame_000119.jpg,crack,0.635,316.7,1737.6,448.6,2158.9
frame_000120.jpg,crack,0.655,425.9,455.2,537.9,1083.7
frame_000121.jpg,crack,0.73,386.6,790.3,498.6,1414.0
frame_000122.jpg,crack,0.613,337.7,1073.7,459.9,1739.6
frame_000122.jpg,crack,0.47,1916.7,0.0,2026.5,615.5
frame_000122.jpg,crack,0.208,439.1,0.0,562.7,671.4
frame_000123.jpg,crack,0.669,301.2,1410.2,421.5,2056.5
frame_000123.jpg,crack,0.298,1934.4,0.0,2017.8,395.9
frame_000124.jpg,crack,0.688,265.7,1762.3,380.3,2156.9
frame_000128.jpg,crack,0.503,1936.5,0.0,2006.6,373.8
frame_000129.jpg,crack,0.536,1892.0,0.0,2007.6,757.1
frame_000129.jpg,crack,0.277,476.8,0.0,535.5,284.0
frame_000130.jpg,crack,0.56,422.2,0.0,533.7,677.6
frame_000131.jpg,crack,0.545,375.4,75.3,510.2,1085.9
frame_000132.jpg,crack,0.349,336.8,536.5,481.6,1514.6
frame_000132.jpg,crack,0.242,466.6,0.0,516.1,193.4
frame_000133.jpg,crack,0.565,429.2,0.0,528.7,626.4
frame_000133.jpg,crack,0.402,289.7,967.4,438.6,1932.3
frame_000134.jpg,crack,0.557,248.7,1397.6,397.8,2160.0
frame_000134.jpg,crack,0.449,385.7,429.9,488.1,1064.8
frame_000135.jpg,crack,0.476,354.4,895.4,464.2,1502.4
frame_000136.jpg,crack,0.451,324.2,1329.6,434.0,1939.8
frame_000138.jpg,crack,0.3,1946.3,0.0,2023.8,431.2
frame_000142.jpg,crack,0.207,539.2,0.0,587.6,184.4
frame_000143.jpg,crack,0.446,503.3,0.0,610.0,685.5
frame_000148.jpg,crack,0.395,1959.6,0.0,2036.7,447.9
frame_000148.jpg,gap_vegetation,0.257,3739.0,31.7,3794.4,132.0
frame_000149.jpg,gap_vegetation,0.337,3684.4,523.6,3739.6,614.9
frame_000150.jpg,gap_vegetation,0.402,3638.9,1011.1,3692.7,1106.6
frame_000151.jpg,gap_vegetation,0.532,3580.4,1507.3,3637.3,1598.2
frame_000151.jpg,gap_vegetation,0.349,3629.4,1695.1,3734.4,1808.4
frame_000152.jpg,gap_vegetation,0.426,3518.7,2002.2,3576.0,2095.2
frame_000154.jpg,crack,0.503,1877.9,0.0,1983.0,515.9
frame_000155.jpg,crack,0.339,1817.5,0.0,1968.0,1024.6
frame_000155.jpg,gap_vegetation,0.254,3730.0,811.0,3837.6,1048.2
frame_000156.jpg,gap_vegetation,0.414,3667.1,1353.9,3840.0,1778.6
frame_000157.jpg,gap_vegetation,0.24,3592.3,1888.3,3838.6,2160.0
frame_000157.jpg,gap_vegetation,0.234,3649.9,1542.1,3741.0,1704.9
frame_000160.jpg,crack,0.211,423.7,0.0,488.3,212.0
frame_000161.jpg,crack,0.508,342.1,79.6,440.1,681.7
frame_000162.jpg,crack,0.703,1533.4,1353.9,1684.4,2160.0
frame_000162.jpg,crack,0.632,271.8,608.1,371.7,1177.7
frame_000163.jpg,crack,0.639,196.7,1053.7,298.8,1586.5
frame_000164.jpg,crack,0.658,139.8,1472.7,251.0,2080.9
frame_000165.jpg,crack,0.291,3450.2,1022.9,3840.0,1131.4
frame_000165.jpg,crack,0.209,107.6,1883.2,194.4,2160.0
frame_000166.jpg,crack,0.27,3391.3,1438.9,3840.0,1577.5
frame_000175.jpg,crack,0.42,1518.8,0.0,1584.3,256.9
frame_000175.jpg,crack,0.204,1521.2,0.0,1613.7,251.7
frame_000176.jpg,crack,0.698,1441.5,29.6,1526.7,575.3
frame_000177.jpg,crack,0.547,1385.2,347.2,1469.8,842.7
frame_000178.jpg,crack,0.487,1407.0,6.4,1465.7,217.1
frame_000179.jpg,crack,0.44,1364.7,0.0,1454.7,491.8
frame_000182.jpg,gap_vegetation,0.227,3597.7,17.4,3668.9,129.7
frame_000183.jpg,gap_vegetation,0.61,3082.0,160.8,3188.9,268.9
frame_000183.jpg,gap_vegetation,0.343,3005.6,430.0,3159.7,742.2
frame_000183.jpg,gap_vegetation,0.251,3152.8,3.1,3214.0,103.1
frame_000184.jpg,gap_vegetation,0.767,3018.2,11.2,3228.5,433.8
frame_000184.jpg,gap_vegetation,0.625,3041.7,524.2,3148.5,633.6
frame_000184.jpg,gap_vegetation,0.362,3732.3,56.6,3835.5,194.1
frame_000184.jpg,gap_vegetation,0.358,3307.8,0.6,3392.5,133.7
frame_000184.jpg,gap_vegetation,0.329,2977.7,794.7,3120.2,1092.2
frame_000184.jpg,gap_vegetation,0.316,3553.1,13.9,3631.5,127.6
frame_000184.jpg,crack,0.266,1386.1,0.0,1437.1,221.7
frame_000185.jpg,gap_vegetation,0.788,2987.0,299.9,3196.5,837.2
frame_000185.jpg,gap_vegetation,0.655,3259.8,347.4,3360.6,493.0
frame_000185.jpg,gap_vegetation,0.572,3010.0,884.5,3121.4,1003.6
frame_000185.jpg,gap_vegetation,0.531,3696.7,424.8,3839.5,707.2
frame_000185.jpg,gap_vegetation,0.402,2945.3,1156.1,3084.4,1460.2
frame_000185.jpg,gap_vegetation,0.354,3518.3,396.4,3603.3,506.3
frame_000185.jpg,gap_vegetation,0.222,3452.0,250.0,3536.0,338.5
frame_000186.jpg,gap_vegetation,0.729,2965.0,692.3,3173.8,1212.6
frame_000186.jpg,gap_vegetation,0.66,3243.3,722.7,3334.3,866.3
frame_000186.jpg,gap_vegetation,0.631,2989.3,1260.1,3096.2,1375.5
frame_000186.jpg,gap_vegetation,0.565,2917.7,1523.9,3069.7,1832.9
frame_000186.jpg,gap_vegetation,0.409,3676.6,785.8,3839.0,1095.7
frame_000186.jpg,crack,0.312,1373.3,0.0,1472.4,525.6
frame_000186.jpg,gap_vegetation,0.233,3690.5,1982.4,3835.3,2154.4
frame_000186.jpg,gap_vegetation,0.221,3493.1,765.4,3577.4,888.2
frame_000186.jpg,gap_vegetation,0.204,3671.6,253.6,3840.0,556.9
frame_000187.jpg,gap_vegetation,0.651,2971.7,1640.3,3082.7,1765.0
frame_000187.jpg,gap_vegetation,0.624,3219.3,1112.2,3316.8,1250.6
frame_000187.jpg,gap_vegetation,0.608,2948.7,1059.8,3156.2,1599.7
frame_000187.jpg,gap_vegetation,0.607,3438.0,13.3,3647.3,308.5
frame_000187.jpg,gap_vegetation,0.506,3657.1,1125.7,3839.6,1491.4
frame_000187.jpg,gap_vegetation,0.395,2937.5,17.0,3023.2,149.6
frame_000187.jpg,gap_vegetation,0.394,3475.6,1141.6,3563.2,1273.7
frame_000187.jpg,gap_vegetation,0.296,3428.8,23.7,3601.1,337.1
frame_000187.jpg,gap_vegetation,0.246,3645.5,633.5,3840.0,996.1
frame_000188.jpg,gap_vegetation,0.769,2921.1,1452.1,3137.4,1968.4
frame_000188.jpg,gap_vegetation,0.751,3203.8,1498.9,3305.4,1658.6
frame_000188.jpg,gap_vegetation,0.702,2843.5,619.0,2974.1,829.4
frame_000188.jpg,gap_vegetation,0.563,2924.2,417.6,3004.3,560.8
frame_000188.jpg,gap_vegetation,0.557,3411.3,376.9,3632.5,730.2
frame_000188.jpg,gap_vegetation,0.532,2951.2,2037.9,3070.9,2160.0
frame_000188.jpg,gap_vegetation,0.407,3735.6,250.3,3803.6,376.8
frame_000188.jpg,gap_vegetation,0.391,3634.5,1005.6,3840.0,1409.1
frame_000188.jpg,gap_vegetation,0.351,3638.6,1507.1,3839.6,1904.2
frame_000188.jpg,gap_vegetation,0.311,3396.2,410.3,3571.3,746.9
frame_000188.jpg,gap_vegetation,0.223,2913.1,1522.0,3113.4,2029.5
frame_000189.jpg,gap_vegetation,0.833,2813.1,1003.9,2954.9,1214.9
frame_000189.jpg,gap_vegetation,0.649,3378.9,772.3,3614.0,1133.3
frame_000189.jpg,gap_vegetation,0.647,2910.5,1796.6,3121.6,2160.0
frame_000189.jpg,gap_vegetation,0.636,3187.6,1894.7,3275.1,2049.3
frame_000189.jpg,gap_vegetation,0.573,2896.2,803.7,2977.1,950.0
frame_000189.jpg,gap_vegetation,0.502,3610.6,1412.2,3840.0,1882.3
frame_000189.jpg,gap_vegetation,0.397,3710.1,654.9,3781.7,783.5
frame_000189.jpg,gap_vegetation,0.319,3429.2,1941.2,3526.1,2137.2
frame_000189.jpg,gap_vegetation,0.278,3613.0,1757.0,3840.0,2160.0
frame_000189.jpg,gap_vegetation,0.242,3384.0,1802.0,3454.2,1892.4
frame_000189.jpg,gap_vegetation,0.227,3483.1,1713.0,3560.5,1872.6
frame_000189.jpg,gap_vegetation,0.211,2895.5,748.2,2982.5,957.9
frame_000190.jpg,gap_vegetation,0.854,2791.6,1390.5,2934.6,1605.6
frame_000190.jpg,gap_vegetation,0.732,3571.3,1850.1,3840.0,2160.0
frame_000190.jpg,gap_vegetation,0.63,3356.4,1172.0,3584.0,1527.4
frame_000190.jpg,gap_vegetation,0.593,2871.7,1200.3,2954.5,1336.3
frame_000190.jpg,gap_vegetation,0.477,3683.0,1044.7,3764.4,1191.4
frame_000191.jpg,gap_vegetation,0.796,2774.4,1780.9,2911.2,1993.4
frame_000191.jpg,gap_vegetation,0.569,3332.5,1559.0,3563.8,1914.5
frame_000191.jpg,gap_vegetation,0.519,2842.0,1588.1,2929.7,1727.7
frame_000191.jpg,gap_vegetation,0.432,3654.9,1454.0,3734.0,1595.2
frame_000191.jpg,gap_vegetation,0.424,3319.1,1580.9,3501.0,1934.5
frame_000191.jpg,gap_vegetation,0.322,2845.2,1504.2,2938.5,1744.5
frame_000192.jpg,gap_vegetation,0.813,3324.6,1939.9,3552.2,2160.0
frame_000192.jpg,gap_vegetation,0.471,3634.5,1845.5,3711.7,1986.7
frame_000192.jpg,crack,0.368,1287.1,321.6,1509.6,2159.6
frame_000192.jpg,gap_vegetation,0.339,2818.1,1892.3,2922.4,2133.5
frame_000192.jpg,gap_vegetation,0.335,2817.5,1971.1,2908.2,2098.3
frame_000193.jpg,crack,0.379,1281.7,691.0,1497.9,2160.0
frame_000193.jpg,gap_vegetation,0.221,2926.8,1134.4,2974.7,1242.6
frame_000196.jpg,gap_vegetation,0.26,3038.9,454.1,3077.0,529.1
frame_000197.jpg,crack,0.39,223.7,0.0,306.4,426.4
frame_000198.jpg,crack,0.231,214.1,0.0,330.1,776.1
frame_000200.jpg,gap_vegetation,0.261,3170.8,1957.0,3238.9,2039.8
frame_000203.jpg,crack,0.509,115.6,1517.3,234.7,2160.0
frame_000206.jpg,crack,0.483,1567.3,0.0,1669.6,520.8
frame_000207.jpg,crack,0.648,1542.2,0.0,1656.7,879.6
frame_000208.jpg,crack,0.398,1507.0,0.0,1658.4,1242.7
frame_000209.jpg,crack,0.598,1549.8,0.0,1651.7,607.0
frame_000210.jpg,crack,0.516,1504.3,3.8,1622.9,957.9
frame_000211.jpg,gap_vegetation,0.243,3679.4,1905.8,3798.5,2124.2
frame_000215.jpg,crack,0.267,845.1,0.0,892.2,179.4
frame_000217.jpg,crack,0.404,1542.7,0.2,1633.0,420.5
frame_000217.jpg,gap_vegetation,0.331,3715.1,1990.4,3792.2,2070.7
frame_000217.jpg,crack,0.203,315.5,0.0,362.9,250.7
frame_000220.jpg,gap_vegetation,0.256,3642.8,1984.6,3825.7,2155.0
frame_000220.jpg,gap_vegetation,0.209,3686.4,1987.8,3817.7,2151.4
frame_000222.jpg,gap_vegetation,0.221,3447.2,1698.3,3518.7,1814.7
frame_000223.jpg,crack,0.295,838.6,0.0,899.5,257.8
frame_000224.jpg,crack,0.416,788.7,135.3,880.8,751.5
frame_000225.jpg,crack,0.423,739.0,608.1,846.3,1235.8
frame_000225.jpg,gap_vegetation,0.234,3710.3,1964.8,3779.8,2069.1
frame_000226.jpg,crack,0.329,688.8,1065.4,799.5,1701.8
frame_000227.jpg,crack,0.383,651.9,1552.2,762.5,2147.7
frame_000228.jpg,crack,0.466,138.1,1496.8,268.1,2157.4
frame_000228.jpg,gap_vegetation,0.457,3044.9,197.8,3101.1,347.1
frame_000229.jpg,gap_vegetation,0.568,3003.2,671.1,3053.7,820.8
frame_000230.jpg,gap_vegetation,0.621,2955.1,1117.0,3008.6,1273.7
frame_000231.jpg,gap_vegetation,0.61,2915.7,1556.0,2971.2,1699.4
frame_000232.jpg,gap_vegetation,0.462,2878.7,1979.5,2934.3,2141.8
frame_000233.jpg,gap_vegetation,0.223,3380.1,574.8,3444.7,686.7
frame_000236.jpg,crack,0.29,347.0,0.0,457.6,646.7
frame_000236.jpg,crack,0.236,1594.1,0.0,1656.8,376.5
frame_000237.jpg,crack,0.362,1540.8,0.0,1650.7,789.9
frame_000237.jpg,gap_vegetation,0.295,3178.0,170.8,3246.5,292.6
frame_000238.jpg,crack,0.355,229.5,610.7,357.6,1466.2
frame_000239.jpg,gap_vegetation,0.403,3036.5,1002.3,3118.8,1139.6
frame_000239.jpg,crack,0.333,175.6,1032.7,309.2,1885.3
frame_000240.jpg,gap_vegetation,0.362,2976.1,1418.4,3052.8,1556.5
frame_000241.jpg,gap_vegetation,0.491,2930.0,1834.5,3019.3,1968.1
frame_000244.jpg,crack,0.215,309.2,5.8,393.1,418.5
frame_000246.jpg,crack,0.566,352.8,0.0,450.2,471.3
frame_000247.jpg,crack,0.209,348.7,0.0,470.3,866.7
frame_000248.jpg,gap_vegetation,0.471,3614.3,38.2,3733.6,204.7
frame_000249.jpg,gap_vegetation,0.557,3594.1,447.1,3719.7,622.5
frame_000249.jpg,gap_vegetation,0.415,3542.5,155.6,3739.9,266.6
frame_000249.jpg,crack,0.359,1666.0,0.0,1719.6,230.8
frame_000249.jpg,gap_vegetation,0.348,3588.9,162.5,3737.6,265.0
frame_000249.jpg,gap_vegetation,0.29,3587.4,438.5,3728.9,766.3
frame_000250.jpg,gap_vegetation,0.648,3560.5,3.6,3840.0,498.5
frame_000250.jpg,gap_vegetation,0.627,3483.4,576.4,3723.8,694.7
frame_000250.jpg,gap_vegetation,0.581,3571.7,879.1,3698.4,1054.6
frame_000250.jpg,crack,0.5,1658.1,0.0,1765.8,632.3
frame_000250.jpg,gap_vegetation,0.441,3355.0,269.9,3441.4,359.1
frame_000250.jpg,crack,0.242,504.0,0.0,556.5,281.2
frame_000251.jpg,gap_vegetation,0.536,3469.1,1009.2,3707.6,1122.6
frame_000251.jpg,gap_vegetation,0.446,3339.7,694.4,3431.0,785.0
frame_000251.jpg,gap_vegetation,0.421,3564.3,1302.5,3684.8,1481.9
frame_000251.jpg,crack,0.403,1642.7,0.0,1783.0,1037.5
frame_000251.jpg,gap_vegetation,0.359,3518.6,386.0,3839.9,949.8
frame_000251.jpg,gap_vegetation,0.304,3555.5,1296.3,3694.4,1624.8
frame_000252.jpg,gap_vegetation,0.525,3494.7,812.8,3840.0,1348.8
frame_000252.jpg,gap_vegetation,0.517,3438.5,1423.3,3686.7,1541.0
frame_000252.jpg,gap_vegetation,0.47,3530.8,1713.4,3664.3,1894.1
frame_000252.jpg,gap_vegetation,0.378,3320.4,1105.8,3403.7,1195.4
frame_000252.jpg,gap_vegetation,0.277,3497.5,1430.1,3684.2,1537.2
frame_000252.jpg,gap_vegetation,0.264,3522.7,1700.7,3684.5,2045.9
frame_000253.jpg,gap_vegetation,0.567,3425.8,1830.1,3662.0,1955.6
frame_000253.jpg,gap_vegetation,0.515,3471.6,1222.3,3840.0,1752.0
frame_000253.jpg,gap_vegetation,0.477,3291.0,1520.0,3379.8,1609.7
frame_000253.jpg,gap_vegetation,0.3,3486.3,1839.0,3660.3,1951.1
frame_000254.jpg,gap_vegetation,0.567,3253.2,1923.6,3345.5,2017.8
frame_000254.jpg,gap_vegetation,0.566,3426.9,1631.7,3840.0,2156.7
frame_000254.jpg,gap_vegetation,0.388,3731.8,417.2,3831.2,550.9
frame_000254.jpg,gap_vegetation,0.286,3625.5,1742.5,3840.0,2154.7
frame_000254.jpg,crack,0.235,532.1,8.6,610.9,470.9
frame_000255.jpg,gap_vegetation,0.667,3445.1,2011.3,3789.9,2159.7
frame_000255.jpg,gap_vegetation,0.514,3685.6,829.6,3790.0,961.3
frame_000255.jpg,gap_vegetation,0.227,3632.9,146.4,3737.4,280.7
frame_000256.jpg,gap_vegetation,0.606,3648.4,1220.3,3756.8,1352.4
frame_000256.jpg,gap_vegetation,0.466,3590.8,520.5,3698.2,665.3
frame_000257.jpg,gap_vegetation,0.594,3614.6,1591.3,3723.9,1720.3
frame_000257.jpg,gap_vegetation,0.582,3552.6,882.9,3663.5,1043.5
frame_000257.jpg,gap_vegetation,0.26,3693.9,807.9,3752.0,897.7
frame_000258.jpg,gap_vegetation,0.557,3585.2,1955.5,3698.8,2082.7
frame_000258.jpg,gap_vegetation,0.527,3528.7,1250.4,3636.6,1400.2
frame_000258.jpg,gap_vegetation,0.321,3666.1,1175.5,3729.7,1268.2
frame_000259.jpg,gap_vegetation,0.623,3514.6,1602.7,3626.1,1752.9
frame_000259.jpg,crack,0.301,570.1,4.3,624.8,244.6
frame_000259.jpg,gap_vegetation,0.265,3649.2,1531.6,3706.9,1625.0
frame_000260.jpg,gap_vegetation,0.535,3481.5,1948.6,3596.5,2088.6
frame_000260.jpg,gap_vegetation,0.287,3612.0,1872.0,3675.9,1960.2
frame_000260.jpg,crack,0.233,1756.8,0.0,1809.7,209.0
frame_000262.jpg,gap_vegetation,0.314,3572.6,1864.1,3689.5,2019.7
frame_000262.jpg,gap_vegetation,0.252,3740.1,693.7,3837.2,818.5
frame_000262.jpg,crack,0.238,1722.3,11.5,1831.9,801.3
frame_000262.jpg,gap_vegetation,0.215,3584.1,1863.9,3683.6,1971.7
frame_000263.jpg,gap_vegetation,0.495,3699.1,979.9,3834.3,1124.9
frame_000263.jpg,crack,0.202,1708.1,295.5,1828.0,1088.4
frame_000264.jpg,crack,0.559,1701.3,524.7,1817.8,1308.4
frame_000264.jpg,gap_vegetation,0.529,3673.7,1213.5,3837.6,1375.5
frame_000265.jpg,gap_vegetation,0.659,3666.9,1392.5,3837.3,1560.7
frame_000265.jpg,crack,0.655,1763.9,0.0,1875.4,590.0
frame_000265.jpg,crack,0.448,462.4,1403.4,597.8,2153.8
frame_000265.jpg,crack,0.324,1690.5,721.4,1801.8,1469.4
frame_000266.jpg,crack,0.691,1756.1,0.0,1879.4,709.8
frame_000266.jpg,gap_vegetation,0.556,3650.5,1539.8,3837.1,1700.5
frame_000266.jpg,crack,0.456,461.7,1536.5,577.8,2157.9
frame_000267.jpg,crack,0.679,1748.3,0.0,1881.7,832.6
frame_000267.jpg,gap_vegetation,0.617,3652.1,1675.6,3836.8,1837.6
frame_000267.jpg,gap_vegetation,0.613,3551.4,112.3,3628.6,227.3
frame_000267.jpg,crack,0.594,461.6,1659.1,562.9,2158.8
frame_000267.jpg,crack,0.298,1637.3,958.0,1787.9,2131.8
frame_000267.jpg,crack,0.276,1355.3,0.0,1435.5,186.3
frame_000268.jpg,crack,0.689,1748.0,0.0,1880.1,968.7
frame_000268.jpg,crack,0.678,1347.8,16.4,1424.3,314.1
frame_000268.jpg,gap_vegetation,0.648,3664.4,1820.9,3838.5,1975.0
frame_000268.jpg,gap_vegetation,0.611,3553.7,244.7,3635.5,369.2
frame_000268.jpg,crack,0.587,1641.6,1106.7,1778.6,2126.4
frame_000268.jpg,crack,0.415,464.3,1799.4,550.2,2160.0
frame_000269.jpg,gap_vegetation,0.675,3643.9,1983.9,3834.3,2155.7
frame_000269.jpg,crack,0.671,1337.3,168.5,1416.7,482.6
frame_000269.jpg,crack,0.644,1731.4,98.4,1868.9,1139.9
frame_000269.jpg,crack,0.608,1645.2,1269.2,1768.8,2126.4
frame_000269.jpg,gap_vegetation,0.582,3522.9,415.5,3609.0,544.9
frame_000269.jpg,gap_vegetation,0.233,3718.6,1402.4,3800.6,1519.8
frame_000270.jpg,crack,0.706,1335.5,333.2,1417.0,651.6
frame_000270.jpg,crack,0.704,1646.0,1395.2,1763.4,2154.7
frame_000270.jpg,gap_vegetation,0.614,3506.9,582.3,3583.5,706.1
frame_000270.jpg,crack,0.574,1730.2,301.7,1860.5,1261.7
frame_000270.jpg,gap_vegetation,0.354,3690.4,1556.1,3787.2,1685.6
frame_000271.jpg,gap_vegetation,0.698,3489.9,681.8,3575.0,819.0
frame_000271.jpg,crack,0.606,1655.0,1471.8,1759.0,2160.0
frame_000271.jpg,crack,0.456,1340.3,444.1,1417.1,745.5
frame_000271.jpg,crack,0.441,1739.7,20.5,1880.9,1357.8
frame_000271.jpg,crack,0.329,1733.5,299.0,1857.4,1354.2
frame_000271.jpg,crack,0.301,1381.0,0.0,1452.3,179.4
frame_000271.jpg,gap_vegetation,0.25,3680.9,1648.3,3781.3,1785.1
frame_000272.jpg,crack,0.57,1742.7,4.4,1894.5,1418.4
frame_000272.jpg,crack,0.488,580.8,78.6,741.9,2160.0
frame_000272.jpg,crack,0.454,1666.0,1519.1,1762.3,2160.0
frame_000272.jpg,gap_vegetation,0.268,3496.5,725.8,3585.1,842.8
frame_000273.jpg,crack,0.683,1672.6,1492.1,1770.9,2160.0
frame_000273.jpg,gap_vegetation,0.672,3519.4,682.8,3610.4,814.0
frame_000273.jpg,crack,0.566,1755.5,14.5,1898.4,1375.1
frame_000273.jpg,crack,0.301,603.5,14.2,750.5,2160.0
frame_000274.jpg,gap_vegetation,0.666,3533.7,623.1,3636.0,767.8
frame_000274.jpg,crack,0.647,1677.9,1467.1,1776.4,2160.0
frame_000274.jpg,crack,0.55,1761.3,10.3,1904.5,1325.9
frame_000274.jpg,gap_vegetation,0.279,3706.2,1770.5,3767.8,1856.9
